{
	"production": {
		"ckEURC": {
			"ledgerCanisterId": "pe5t5-diaaa-aaaar-qahwa-cai",
			"indexCanisterId": "pd4vj-oqaaa-aaaar-qahwq-cai",
			"erc20ContractAddress": "0x1aBaEA1f7C830bD89Acc67eC4af516284b1bC33c"
		},
		"ckUNI": {
			"ledgerCanisterId": "ilzky-ayaaa-aaaar-qahha-cai",
			"indexCanisterId": "imymm-naaaa-aaaar-qahhq-cai",
			"erc20ContractAddress": "0x1f9840a85d5aF5bf1D1762F925BDADdC4201F984"
		},
		"ckWBTC": {
			"ledgerCanisterId": "bptq2-faaaa-aaaar-qagxq-cai",
			"indexCanisterId": "dso6s-wiaaa-aaaar-qagya-cai",
			"erc20ContractAddress": "0x2260FAC5E5542a773Aa44fBCfeDf7C193bc2C599"
		},
		"ckLINK": {
			"ledgerCanisterId": "g4tto-rqaaa-aaaar-qageq-cai",
			"indexCanisterId": "gvqys-hyaaa-aaaar-qagfa-cai",
			"erc20ContractAddress": "0x514910771AF9Ca656af840dff83E8264EcF986CA"
		},
		"ckXAUT": {
			"ledgerCanisterId": "nza5v-qaaaa-aaaar-qahzq-cai",
			"indexCanisterId": "nmhmy-riaaa-aaaar-qah2a-cai",
			"erc20ContractAddress": "0x68749665FF8D2d112Fa859AA293F07A622782F38"
		},
		"ckPEPE": {
			"ledgerCanisterId": "etik7-oiaaa-aaaar-qagia-cai",
			"indexCanisterId": "eujml-dqaaa-aaaar-qagiq-cai",
			"erc20ContractAddress": "0x6982508145454Ce325dDbE47a25d4ec3d2311933"
		},
		"ckWSTETH": {
			"ledgerCanisterId": "j2tuh-yqaaa-aaaar-qahcq-cai",
			"indexCanisterId": "jtq73-oyaaa-aaaar-qahda-cai",
			"erc20ContractAddress": "0x7f39C581F595B53c5cb19bD0b3f8dA6c935E2Ca0"
		},
		"ckSHIB": {
			"ledgerCanisterId": "fxffn-xiaaa-aaaar-qagoa-cai",
			"indexCanisterId": "fqedz-2qaaa-aaaar-qagoq-cai",
			"erc20ContractAddress": "0x95aD61b0a150d79219dCF64E1E6Cc01f0B64C4cE"
		},
		"ckUSDC": {
			"ledgerCanisterId": "xevnm-gaaaa-aaaar-qafnq-cai",
			"indexCanisterId": "xrs4b-hiaaa-aaaar-qafoa-cai",
			"erc20ContractAddress": "0xA0b86991c6218b36c1d19D4a2e9Eb0cE3606eB48"
		},
		"ckUSDT": {
			"ledgerCanisterId": "cngnf-vqaaa-aaaar-qag4q-cai",
			"indexCanisterId": "cefgz-dyaaa-aaaar-qag5a-cai",
			"erc20ContractAddress": "0xdAC17F958D2ee523a2206206994597C13D831ec7"
		},
		"ckOCT": {
			"ledgerCanisterId": "ebo5g-cyaaa-aaaar-qagla-cai",
			"indexCanisterId": "egp3s-paaaa-aaaar-qaglq-cai",
			"erc20ContractAddress": "0xF5cFBC74057C610c8EF151A439252680AC68c6DC"
		}
	},
	"staging": {
		"ckSepoliaUSDC": {
			"ledgerCanisterId": "yfumr-cyaaa-aaaar-qaela-cai",
			"indexCanisterId": "ycvkf-paaaa-aaaar-qaelq-cai",
			"erc20ContractAddress": "0x1c7D4B196Cb0C7B01d743Fbc6116a902379C7238"
		},
		"ckSepoliaPEPE": {
			"ledgerCanisterId": "hw4ru-taaaa-aaaar-qagdq-cai",
			"indexCanisterId": "g3sv2-4iaaa-aaaar-qagea-cai",
			"erc20ContractAddress": "0x560eF9F39E4B08f9693987cad307f6FBfd97B2F6"
		},
		"ckSepoliaLINK": {
			"ledgerCanisterId": "r52mc-qaaaa-aaaar-qafzq-cai",
			"indexCanisterId": "ri55p-riaaa-aaaar-qaf2a-cai",
			"erc20ContractAddress": "0x779877A7B0D9E8603169DdbD7836e478b4624789"
		}
	}
}
