[
	{
		"ledgerCanisterId": "zfcdd-tqaaa-aaaaq-aaaga-cai",
		"rootCanisterId": "zxeu2-7aaaa-aaaaq-aaafa-cai",
		"indexCanisterId": "zlaol-iaaaa-aaaaq-aaaha-cai",
		"metadata": {
			"decimals": 8,
			"name": "Draggin Karma Points",
			"symbol": "DKP",
			"fee": {
				"__bigint__": "100000"
			},
			"alternativeName": "Dragginz",
			"url": "https://dragginz.io/"
		},
		"indexCanisterVersion": "up-to-date"
	},
	{
		"ledgerCanisterId": "2ouva-viaaa-aaaaq-aaamq-cai",
		"rootCanisterId": "3e3x2-xyaaa-aaaaq-aaalq-cai",
		"indexCanisterId": "2awyi-oyaaa-aaaaq-aaanq-cai",
		"metadata": {
			"decimals": 8,
			"name": "CHAT",
			"symbol": "CHAT",
			"fee": {
				"__bigint__": "100000"
			},
			"alternativeName": "OpenChat",
			"url": "https://oc.app"
		},
		"indexCanisterVersion": "up-to-date"
	},
	{
		"ledgerCanisterId": "73mez-iiaaa-aaaaq-aaasq-cai",
		"rootCanisterId": "7jkta-eyaaa-aaaaq-aaarq-cai",
		"indexCanisterId": "7vojr-tyaaa-aaaaq-aaatq-cai",
		"metadata": {
			"decimals": 8,
			"name": "KINIC",
			"symbol": "KINIC",
			"fee": {
				"__bigint__": "100000"
			},
			"alternativeName": "Kinic",
			"url": "https://kinic.io/"
		},
		"indexCanisterVersion": "up-to-date"
	},
	{
		"ledgerCanisterId": "6rdgd-kyaaa-aaaaq-aaavq-cai",
		"rootCanisterId": "67bll-riaaa-aaaaq-aaauq-cai",
		"indexCanisterId": "6dfr2-giaaa-aaaaq-aaawq-cai",
		"metadata": {
			"decimals": 8,
			"name": "YRAL",
			"symbol": "DOLR",
			"fee": {
				"__bigint__": "100000"
			},
			"alternativeName": "YRAL",
			"url": "https://yral.com"
		},
		"indexCanisterVersion": "up-to-date"
	},
	{
		"ledgerCanisterId": "4c4fd-caaaa-aaaaq-aaa3a-cai",
		"rootCanisterId": "4m6il-zqaaa-aaaaq-aaa2a-cai",
		"indexCanisterId": "5ithz-aqaaa-aaaaq-aaa4a-cai",
		"metadata": {
			"decimals": 8,
			"name": "GHOST",
			"symbol": "GHOST",
			"fee": {
				"__bigint__": "100000000"
			},
			"alternativeName": "ICGhost",
			"url": "https://yadjb-mqaaa-aaaan-qaqlq-cai.raw.ic0.app/"
		},
		"indexCanisterVersion": "up-to-date"
	},
	{
		"ledgerCanisterId": "xsi2v-cyaaa-aaaaq-aabfq-cai",
		"rootCanisterId": "x4kx5-ziaaa-aaaaq-aabeq-cai",
		"indexCanisterId": "xaonm-oiaaa-aaaaq-aabgq-cai",
		"metadata": {
			"decimals": 8,
			"name": "DecideAI",
			"symbol": "DCD",
			"fee": {
				"__bigint__": "10000"
			},
			"alternativeName": "DecideAI DAO",
			"url": "https://decideai.xyz"
		},
		"indexCanisterVersion": "up-to-date"
	},
	{
		"ledgerCanisterId": "vtrom-gqaaa-aaaaq-aabia-cai",
		"rootCanisterId": "xjngq-yaaaa-aaaaq-aabha-cai",
		"indexCanisterId": "v5tde-5aaaa-aaaaq-aabja-cai",
		"metadata": {
			"decimals": 8,
			"name": "BoomDAO",
			"symbol": "BOOM",
			"fee": {
				"__bigint__": "100000"
			},
			"alternativeName": "BOOM DAO",
			"url": "https://boomdao.xyz/"
		},
		"indexCanisterVersion": "up-to-date"
	},
	{
		"ledgerCanisterId": "uf2wh-taaaa-aaaaq-aabna-cai",
		"rootCanisterId": "uly3p-iqaaa-aaaaq-aabma-cai",
		"indexCanisterId": "ux4b6-7qaaa-aaaaq-aaboa-cai",
		"metadata": {
			"decimals": 8,
			"name": "CatalyzeDAO",
			"symbol": "CTZ",
			"fee": {
				"__bigint__": "100000"
			},
			"alternativeName": "Catalyze",
			"url": "https://catalyze.one"
		},
		"indexCanisterVersion": "up-to-date"
	},
	{
		"ledgerCanisterId": "rffwt-piaaa-aaaaq-aabqq-cai",
		"rootCanisterId": "u67kc-jyaaa-aaaaq-aabpq-cai",
		"indexCanisterId": "rlh33-uyaaa-aaaaq-aabrq-cai",
		"metadata": {
			"decimals": 8,
			"name": "Seers",
			"symbol": "SEER",
			"fee": {
				"__bigint__": "100000"
			},
			"alternativeName": "Seers",
			"url": "https://icx.one"
		},
		"indexCanisterVersion": "up-to-date"
	},
	{
		"ledgerCanisterId": "rxdbk-dyaaa-aaaaq-aabtq-cai",
		"rootCanisterId": "rzbmc-yiaaa-aaaaq-aabsq-cai",
		"indexCanisterId": "q5mdq-biaaa-aaaaq-aabuq-cai",
		"metadata": {
			"decimals": 8,
			"name": "Nuance",
			"symbol": "NUA",
			"fee": {
				"__bigint__": "100000"
			},
			"alternativeName": "Nuance",
			"url": "https://nuance.xyz"
		},
		"indexCanisterVersion": "up-to-date"
	},
	{
		"ledgerCanisterId": "qbizb-wiaaa-aaaaq-aabwq-cai",
		"rootCanisterId": "qtooy-2yaaa-aaaaq-aabvq-cai",
		"indexCanisterId": "qpkuj-nyaaa-aaaaq-aabxq-cai",
		"metadata": {
			"decimals": 8,
			"name": "Sonic",
			"symbol": "SONIC",
			"fee": {
				"__bigint__": "100000"
			},
			"alternativeName": "SONIC",
			"url": "https://app.sonic.ooo"
		},
		"indexCanisterVersion": "up-to-date"
	},
	{
		"ledgerCanisterId": "tyyy3-4aaaa-aaaaq-aab7a-cai",
		"rootCanisterId": "tw2vt-hqaaa-aaaaq-aab6a-cai",
		"indexCanisterId": "efv5g-kqaaa-aaaaq-aacaa-cai",
		"metadata": {
			"decimals": 8,
			"name": "Gold Governance Token",
			"symbol": "GLDGov",
			"fee": {
				"__bigint__": "100000"
			},
			"alternativeName": "Gold DAO",
			"url": "https://www.gold-dao.org"
		},
		"indexCanisterVersion": "up-to-date"
	},
	{
		"ledgerCanisterId": "emww2-4yaaa-aaaaq-aacbq-cai",
		"rootCanisterId": "ecu3s-hiaaa-aaaaq-aacaq-cai",
		"indexCanisterId": "e6qbd-qiaaa-aaaaq-aaccq-cai",
		"metadata": {
			"decimals": 8,
			"name": "TRAX",
			"symbol": "TRAX",
			"fee": {
				"__bigint__": "100000"
			},
			"alternativeName": "TRAX",
			"url": "https://trax.so"
		},
		"indexCanisterVersion": "up-to-date"
	},
	{
		"ledgerCanisterId": "f54if-eqaaa-aaaaq-aacea-cai",
		"rootCanisterId": "extk7-gaaaa-aaaaq-aacda-cai",
		"indexCanisterId": "ft6fn-7aaaa-aaaaq-aacfa-cai",
		"metadata": {
			"decimals": 8,
			"name": "Neutrinite",
			"symbol": "NTN",
			"fee": {
				"__bigint__": "10000"
			},
			"alternativeName": "Neutrinite",
			"url": "https://icpcoins.com"
		},
		"indexCanisterVersion": "up-to-date"
	},
	{
		"ledgerCanisterId": "hvgxa-wqaaa-aaaaq-aacia-cai",
		"rootCanisterId": "fp274-iaaaa-aaaaq-aacha-cai",
		"indexCanisterId": "h3e2i-naaaa-aaaaq-aacja-cai",
		"metadata": {
			"decimals": 8,
			"name": "Sneed DAO",
			"symbol": "SNEED",
			"fee": {
				"__bigint__": "1000"
			},
			"alternativeName": "Sneed",
			"url": "https://4pk43-5qaaa-aaaag-qc44a-cai.icp0.io/"
		},
		"indexCanisterVersion": "up-to-date"
	},
	{
		"ledgerCanisterId": "hhaaz-2aaaa-aaaaq-aacla-cai",
		"rootCanisterId": "hjcnr-bqaaa-aaaaq-aacka-cai",
		"indexCanisterId": "gnpcd-yqaaa-aaaaq-aacma-cai",
		"metadata": {
			"decimals": 8,
			"name": "ICLighthouse DAO",
			"symbol": "ICL",
			"fee": {
				"__bigint__": "1000000"
			},
			"alternativeName": "ICLighthouse DAO",
			"url": "https://iclight.io"
		},
		"indexCanisterVersion": "up-to-date"
	},
	{
		"ledgerCanisterId": "gemj7-oyaaa-aaaaq-aacnq-cai",
		"rootCanisterId": "gkoex-viaaa-aaaaq-aacmq-cai",
		"indexCanisterId": "gwk6g-ciaaa-aaaaq-aacoq-cai",
		"metadata": {
			"decimals": 8,
			"name": "ELNA",
			"symbol": "ELNA",
			"fee": {
				"__bigint__": "100000"
			},
			"alternativeName": "ELNA AI",
			"url": "https://dapp.elna.ai"
		},
		"indexCanisterVersion": "up-to-date"
	},
	{
		"ledgerCanisterId": "ddsp7-7iaaa-aaaaq-aacqq-cai",
		"rootCanisterId": "gyito-zyaaa-aaaaq-aacpq-cai",
		"indexCanisterId": "dnqcx-eyaaa-aaaaq-aacrq-cai",
		"metadata": {
			"decimals": 8,
			"name": "OpenFPL",
			"symbol": "FPL",
			"fee": {
				"__bigint__": "100000"
			},
			"alternativeName": "OpenFPL",
			"url": "https://openfpl.xyz/"
		},
		"indexCanisterVersion": "up-to-date"
	},
	{
		"ledgerCanisterId": "druyg-tyaaa-aaaaq-aactq-cai",
		"rootCanisterId": "d7wvo-iiaaa-aaaaq-aacsq-cai",
		"indexCanisterId": "c3324-riaaa-aaaaq-aacuq-cai",
		"metadata": {
			"decimals": 8,
			"name": "ICPanda",
			"symbol": "PANDA",
			"fee": {
				"__bigint__": "10000"
			},
			"alternativeName": "ICPanda DAO",
			"url": "https://panda.fans"
		},
		"indexCanisterVersion": "up-to-date"
	},
	{
		"ledgerCanisterId": "ca6gz-lqaaa-aaaaq-aacwa-cai",
		"rootCanisterId": "csyra-haaaa-aaaaq-aacva-cai",
		"indexCanisterId": "co4lr-qaaaa-aaaaq-aacxa-cai",
		"metadata": {
			"decimals": 8,
			"name": "ICPSwap Token",
			"symbol": "ICS",
			"fee": {
				"__bigint__": "1000000"
			},
			"alternativeName": "ICPSwap",
			"url": "https://www.icpswap.com"
		},
		"indexCanisterVersion": "up-to-date"
	},
	{
		"ledgerCanisterId": "atbfz-diaaa-aaaaq-aacyq-cai",
		"rootCanisterId": "cj5nf-5yaaa-aaaaq-aacxq-cai",
		"indexCanisterId": "a5dir-yyaaa-aaaaq-aaczq-cai",
		"metadata": {
			"decimals": 8,
			"name": "Yuku DAO",
			"symbol": "YUKU",
			"fee": {
				"__bigint__": "1000000"
			},
			"alternativeName": "Yuku DAO",
			"url": "https://yuku.app/"
		},
		"indexCanisterVersion": "up-to-date"
	},
	{
		"ledgerCanisterId": "bliq2-niaaa-aaaaq-aac4q-cai",
		"rootCanisterId": "abhsa-pyaaa-aaaaq-aac3q-cai",
		"indexCanisterId": "bfk5s-wyaaa-aaaaq-aac5q-cai",
		"metadata": {
			"decimals": 8,
			"name": "ESTATE",
			"symbol": "EST",
			"fee": {
				"__bigint__": "100000"
			},
			"alternativeName": "EstateDAO",
			"url": "https://wbdy5-yyaaa-aaaap-abysq-cai.icp0.io/"
		},
		"indexCanisterVersion": "up-to-date"
	},
	{
		"ledgerCanisterId": "k45jy-aiaaa-aaaaq-aadcq-cai",
		"rootCanisterId": "ko36b-myaaa-aaaaq-aadbq-cai",
		"indexCanisterId": "ks7eq-3yaaa-aaaaq-aaddq-cai",
		"metadata": {
			"decimals": 8,
			"name": "Motoko",
			"symbol": "MOTOKO",
			"fee": {
				"__bigint__": "10000"
			},
			"alternativeName": "Motoko",
			"url": "https://2uktw-yiaaa-aaaah-adwxq-cai.icp0.io/"
		},
		"indexCanisterVersion": "up-to-date"
	},
	{
		"ledgerCanisterId": "lrtnw-paaaa-aaaaq-aadfa-cai",
		"rootCanisterId": "l7ra6-uqaaa-aaaaq-aadea-cai",
		"indexCanisterId": "ldv2p-dqaaa-aaaaq-aadga-cai",
		"metadata": {
			"decimals": 8,
			"name": "ICPCC DAO LLC",
			"symbol": "CONF",
			"fee": {
				"__bigint__": "10000"
			},
			"alternativeName": "ICPCC DAO LLC",
			"url": "https://osjzm-oaaaa-aaaal-ajcoq-cai.icp0.io/"
		},
		"indexCanisterVersion": "up-to-date"
	},
	{
		"ledgerCanisterId": "lkwrt-vyaaa-aaaaq-aadhq-cai",
		"rootCanisterId": "leu43-oiaaa-aaaaq-aadgq-cai",
		"indexCanisterId": "jqkzp-liaaa-aaaaq-aadiq-cai",
		"metadata": {
			"decimals": 8,
			"name": "ORIGYN",
			"symbol": "OGY",
			"fee": {
				"__bigint__": "200000"
			},
			"alternativeName": "ORIGYN",
			"url": "https://www.origyn.com/"
		},
		"indexCanisterVersion": "up-to-date"
	},
	{
		"ledgerCanisterId": "jcmow-hyaaa-aaaaq-aadlq-cai",
		"rootCanisterId": "jmod6-4iaaa-aaaaq-aadkq-cai",
		"indexCanisterId": "iidmm-fiaaa-aaaaq-aadmq-cai",
		"metadata": {
			"decimals": 8,
			"name": "WaterNeuron",
			"symbol": "WTN",
			"fee": {
				"__bigint__": "1000000"
			},
			"alternativeName": "WaterNeuron",
			"url": "https://waterneuron.fi/"
		},
		"indexCanisterVersion": "up-to-date"
	},
	{
		"ledgerCanisterId": "itgqj-7qaaa-aaaaq-aadoa-cai",
		"rootCanisterId": "ibahq-taaaa-aaaaq-aadna-cai",
		"indexCanisterId": "i5e5b-eaaaa-aaaaq-aadpa-cai",
		"metadata": {
			"decimals": 8,
			"name": "CYCLES-TRANSFER-STATION",
			"symbol": "CTS",
			"fee": {
				"__bigint__": "100000"
			},
			"alternativeName": "CYCLES-TRANSFER-STATION",
			"url": "https://cycles-transfer-station.com"
		},
		"indexCanisterVersion": "up-to-date"
	},
	{
		"ledgerCanisterId": "np5km-uyaaa-aaaaq-aadrq-cai",
		"rootCanisterId": "nb7he-piaaa-aaaaq-aadqq-cai",
		"indexCanisterId": "n535v-yiaaa-aaaaq-aadsq-cai",
		"metadata": {
			"decimals": 8,
			"name": "DOGMI",
			"symbol": "DOGMI",
			"fee": {
				"__bigint__": "5000000000"
			},
			"alternativeName": "DOGMI",
			"url": "https://qu2gy-uqaaa-aaaal-qcv6a-cai.icp0.io"
		},
		"indexCanisterVersion": "up-to-date"
	},
	{
		"ledgerCanisterId": "m6xut-mqaaa-aaaaq-aadua-cai",
		"rootCanisterId": "nuywj-oaaaa-aaaaq-aadta-cai",
		"indexCanisterId": "mqvz3-xaaaa-aaaaq-aadva-cai",
		"metadata": {
			"decimals": 8,
			"name": "ICVC",
			"symbol": "ICVC",
			"fee": {
				"__bigint__": "10000"
			},
			"alternativeName": "ICVC",
			"url": "https://mnc6b-aaaaa-aaaap-qhnrq-cai.icp0.io/"
		},
		"indexCanisterVersion": "up-to-date"
	}
]
