{
	"airdrop_deprecated": {
		"ic": "fiefn-syaaa-aaaan-qectq-cai",
		"staging": "t7tos-nyaaa-aaaad-aadkq-cai"
	},
	"backend": {
		"ic": "doked-biaaa-aaaar-qag2a-cai",
		"beta": "doked-biaaa-aaaar-qag2a-cai",
		"old_backend": "cab24-4qaaa-aaaan-qecca-cai",
		"staging": "d3nvo-aaaaa-aaaar-qagzq-cai"
	},
	"new_backend": {
		"ic": "doked-biaaa-aaaar-qag2a-cai",
		"staging": "d3nvo-aaaaa-aaaar-qagzq-cai"
	},
	"frontend": {
		"ic": "cha4i-riaaa-aaaan-qeccq-cai",
		"beta": "v7iq7-yiaaa-aaaan-qmrtq-cai",
		"staging": "tewsx-xaaaa-aaaad-aadia-cai"
	}
}
