{
	"dfx": "0.23.0",
	"canisters": {
		"signer": {
			"type": "custom",
			"build": "scripts/build.signer.sh",
			"candid": "target/signer.did",
			"wasm": "target/signer.wasm.gz",
			"init_arg_file": "target/signer.arg.did",
			"shrink": false,
			"remote": {
				"id": {
					"ic": "grghe-syaaa-aaaar-qabyq-cai",
					"beta": "grghe-syaaa-aaaar-qabyq-cai",
					"old_backend": "cab24-4qaaa-aaaan-qecca-cai",
					"staging": "tdxud-2yaaa-aaaad-aadiq-cai"
				}
			}
		},
		"backend": {
			"candid": "src/backend/backend.did",
			"package": "backend",
			"type": "rust",
			"optimize": "cycles",
			"gzip": true
		},
		"frontend": {
			"candid": "https://raw.githubusercontent.com/dfinity/sdk/release-0.20.0/src/distributed/assetstorage.did",
			"frontend": {
				"entrypoint": "build/index.html"
			},
			"source": ["build/"],
			"type": "assets",
			"gzip": true
		},
		"new_backend": {
			"candid": "src/backend/backend.did",
			"package": "backend",
			"type": "rust",
			"optimize": "cycles",
			"gzip": true
		},
		"orbit": {
			"type": "custom",
			"candid": "https://raw.githubusercontent.com/dfinity/orbit/%40orbit/station-v0.0.2-alpha.5/apps/wallet/src/generated/station/station.did",
			"wasm": "https://github.com/dfinity/orbit/releases/download/%40orbit%2Fstation-v0.0.2-alpha.5/station.wasm.gz",
			"remote": {
				"id": {
					"staging": "4jngj-yiaaa-aaaal-ajk5q-cai",
					"ic": "xtnlb-waaaa-aaaal-ajm7q-cai"
				}
			}
		},
		"internet_identity": {
			"type": "custom",
			"candid": "https://github.com/dfinity/internet-identity/releases/download/release-2024-08-21/internet_identity.did",
			"wasm": "https://github.com/dfinity/internet-identity/releases/download/release-2024-08-21/internet_identity_dev.wasm.gz",
			"shrink": false,
			"remote": {
				"candid": "internet_identity.did",
				"id": {
					"staging": "rdmx6-jaaaa-aaaaa-aaadq-cai",
					"ic": "rdmx6-jaaaa-aaaaa-aaadq-cai"
				}
			}
		},
		"pouh_issuer": {
			"type": "custom",
			"candid": "https://github.com/dfinity/verifiable-credentials-sdk/releases/download/release-2024-07-01/dummy_issuer.did",
			"wasm": "https://github.com/dfinity/verifiable-credentials-sdk/releases/download/release-2024-07-01/dummy_issuer.wasm.gz",
			"shrink": false,
			"remote": {
				"id": {
					"staging": "qbw6f-caaaa-aaaah-qdcwa-cai",
					"beta": "qgxyr-pyaaa-aaaah-qdcwq-cai",
					"ic": "qgxyr-pyaaa-aaaah-qdcwq-cai"
				}
			}
		},
		"icp_ledger": {
			"type": "custom",
			"candid": "target/ic/icp_ledger.did",
			"wasm": "target/ic/icp_ledger.wasm",
			"remote": {
				"id": {
					"ic": "ryjl3-tyaaa-aaaaa-aaaba-cai"
				}
			}
		},
		"icp_index": {
			"type": "custom",
			"candid": "target/ic/icp_index.did",
			"wasm": "target/ic/icp_index.wasm",
			"remote": {
				"id": {
					"ic": "qhbym-qaaaa-aaaaa-aaafq-cai"
				}
			}
		},
		"ckbtc_minter": {
			"type": "custom",
			"candid": "target/ic/ckbtc_minter.did",
			"wasm": "target/ic/ckbtc_minter.wasm",
			"remote": {
				"id": {
					"ic": "mqygn-kiaaa-aaaar-qaadq-cai",
					"staging": "ml52i-qqaaa-aaaar-qaaba-cai"
				}
			}
		},
		"ckbtc_ledger": {
			"type": "custom",
			"candid": "target/ic/ckbtc_ledger.did",
			"wasm": "target/ic/ckbtc_ledger.wasm",
			"remote": {
				"id": {
					"ic": "mxzaz-hqaaa-aaaar-qaada-cai",
					"staging": "mc6ru-gyaaa-aaaar-qaaaq-cai"
				}
			}
		},
		"ckbtc_index": {
			"type": "custom",
			"candid": "target/ic/ckbtc_index.did",
			"wasm": "target/ic/ckbtc_index.wasm",
			"remote": {
				"id": {
					"ic": "n5wcd-faaaa-aaaar-qaaea-cai",
					"staging": "mm444-5iaaa-aaaar-qaabq-cai"
				}
			}
		},
		"ckbtc_kyt": {
			"type": "custom",
			"candid": "target/ic/ckbtc_kyt.did",
			"wasm": "target/ic/ckbtc_kyt.wasm",
			"remote": {
				"id": {
					"ic": "pjihx-aaaaa-aaaar-qaaka-cai",
					"staging": "pvm5g-xaaaa-aaaar-qaaia-cai"
				}
			}
		},
		"cketh_minter": {
			"type": "custom",
			"candid": "target/ic/cketh_minter.did",
			"wasm": "target/ic/cketh_minter.wasm",
			"remote": {
				"id": {
					"ic": "sv3dd-oaaaa-aaaar-qacoa-cai",
					"staging": "jzenf-aiaaa-aaaar-qaa7q-cai"
				}
			}
		},
		"cketh_ledger": {
			"type": "custom",
			"candid": "target/ic/cketh_ledger.did",
			"wasm": "target/ic/cketh_ledger.wasm",
			"remote": {
				"id": {
					"ic": "ss2fx-dyaaa-aaaar-qacoq-cai",
					"staging": "apia6-jaaaa-aaaar-qabma-cai"
				}
			}
		},
		"cketh_index": {
			"type": "custom",
			"candid": "target/ic/cketh_index.did",
			"wasm": "target/ic/cketh_index.wasm",
			"remote": {
				"id": {
					"ic": "s3zol-vqaaa-aaaar-qacpa-cai",
					"staging": "sh5u2-cqaaa-aaaar-qacna-cai"
				}
			}
		},
		"ckusdc_ledger": {
			"type": "custom",
			"candid": "target/ic/cketh_ledger.did",
			"wasm": "target/ic/cketh_ledger.wasm"
		},
		"ckusdc_index": {
			"type": "custom",
			"candid": "target/ic/cketh_index.did",
			"wasm": "target/ic/cketh_index.wasm"
		}
	},
	"defaults": {
		"build": {
			"args": "",
			"packtool": ""
		}
	},
	"version": 1,
	"networks": {
		"old-backend": {
			"providers": ["https://icp0.io"],
			"type": "persistent"
		},
		"staging": {
			"providers": ["https://icp0.io"],
			"type": "persistent"
		},
		"beta": {
			"providers": ["https://icp0.io"],
			"type": "persistent"
		},
		"local": {
			"bind": "127.0.0.1:4943",
			"type": "ephemeral"
		}
	}
}
